{
    "GOOGL": {
        "tweets": [
            -0.1356466921868871,
            0.06072584801500303,
            0.2023728042636993,
            0.33784474046356305,
            0.4816703116612973
        ],
        "news": [
            -0.6279008032128515,
            -0.3569689048760991,
            -0.011222612473035317,
            0.29430600957594877,
            0.5744278260869564
        ],
        "returns": [
            0.9584425747444342,
            0.9816912088688681,
            0.9989221361326631,
            1.0136266961705875,
            1.0329432141636605
        ]
    },
    "MSFT": {
        "tweets": [
            -0.2132364294548084,
            -0.02084808320732263,
            0.14790078252442682,
            0.27717864625377014,
            0.4077897580883367
        ],
        "news": [
            -0.6304235256410256,
            -0.32540427475592754,
            0.013797038249781733,
            0.33147857403086683,
            0.6241190555555555
        ],
        "returns": [
            0.9543515491041081,
            0.9811233058136198,
            1.0002781204366746,
            1.017037099214493,
            1.048490027890662
        ]
    },
    "AAPL": {
        "tweets": [
            0.0037570083685206338,
            0.1381460869307519,
            0.2684846071686085,
            0.41543957665783743,
            0.5583494983515906
        ],
        "news": [
            -0.5925312380952381,
            -0.29208416512731955,
            0.030927513937333888,
            0.33137819031810045,
            0.6299018164794008
        ],
        "returns": [
            0.9569481704274533,
            0.9868797475766442,
            1.0048396826604316,
            1.0302299295778652,
            1.0733861307612624
        ]
    },
    "TSLA": {
        "tweets": [
            -0.24552079252504835,
            -0.05995426236132238,
            0.11371280642248173,
            0.22404467879459292,
            0.3818602317474795
        ],
        "news": [
            -0.6166600694444444,
            -0.311909020499322,
            -0.004119373097665164,
            0.3033885850015546,
            0.577739806547619
        ],
        "returns": [
            0.9498768304693802,
            0.9893760565310382,
            1.0185664186986558,
            1.0606667726415349,
            1.1139776223440374
        ]
    },
    "AMZN": {
        "tweets": [
            -0.09178731366459625,
            0.07693098332863398,
            0.18189973075834906,
            0.2740149855670093,
            0.38886296345689714
        ],
        "news": [
            -0.6885797297297298,
            -0.3293782984126984,
            0.047693878250168076,
            0.3282327204928194,
            0.654256223628692
        ],
        "returns": [
            0.9351965877063455,
            0.9690402430938183,
            0.9977703879857694,
            1.0185913006510496,
            1.0538429482703067
        ]
    }
}